/AppHdr,Business Application Header V02 (head.001.001.02)
/AppHdr/CharSet,Character Set
/AppHdr/Fr,From
/AppHdr/Fr/OrgId,Organisation Identification
/AppHdr/Fr/OrgId/Nm,Name
/AppHdr/Fr/OrgId/PstlAdr,Postal Address
/AppHdr/Fr/OrgId/Id,Identification
/AppHdr/Fr/OrgId/Id/PrvtId,Private Identification
/AppHdr/Fr/OrgId/CtryOfRes,Country Of Residence
/AppHdr/Fr/OrgId/CtctDtls,Contact Details
/AppHdr/Fr/FIId,Financial Institution Identification
/AppHdr/Fr/FIId/FinInstnId,Financial Institution Identification
/AppHdr/Fr/FIId/FinInstnId/BICFI,BICFI
/AppHdr/Fr/FIId/FinInstnId/ClrSysMmbId,Clearing System Member Identification
/AppHdr/Fr/FIId/FinInstnId/ClrSysMmbId/ClrSysId,Clearing System Identification
/AppHdr/Fr/FIId/FinInstnId/ClrSysMmbId/ClrSysId/Cd,Code
/AppHdr/Fr/FIId/FinInstnId/ClrSysMmbId/ClrSysId/Prtry,Proprietary
/AppHdr/Fr/FIId/FinInstnId/ClrSysMmbId/MmbId,Member Identification
/AppHdr/Fr/FIId/FinInstnId/LEI,LEI
/AppHdr/Fr/FIId/FinInstnId/Nm,Name
/AppHdr/Fr/FIId/FinInstnId/PstlAdr,Postal Address
/AppHdr/Fr/FIId/FinInstnId/Othr,Other
/AppHdr/Fr/FIId/BrnchId,Branch Identification
/AppHdr/To,To
/AppHdr/To/OrgId,Organisation Identification
/AppHdr/To/OrgId/Nm,Name
/AppHdr/To/OrgId/PstlAdr,Postal Address
/AppHdr/To/OrgId/CtryOfRes,Country Of Residence
/AppHdr/To/OrgId/CtctDtls,Contact Details
/AppHdr/To/FIId,Financial Institution Identification
/AppHdr/To/FIId/FinInstnId,Financial Institution Identification
/AppHdr/To/FIId/FinInstnId/BICFI,BICFI
/AppHdr/To/FIId/FinInstnId/ClrSysMmbId,Clearing System Member Identification
/AppHdr/To/FIId/FinInstnId/ClrSysMmbId/ClrSysId,Clearing System Identification
/AppHdr/To/FIId/FinInstnId/ClrSysMmbId/ClrSysId/Cd,Code
/AppHdr/To/FIId/FinInstnId/ClrSysMmbId/ClrSysId/Prtry,Proprietary
/AppHdr/To/FIId/FinInstnId/ClrSysMmbId/MmbId,Member Identification
/AppHdr/To/FIId/FinInstnId/LEI,LEI
/AppHdr/To/FIId/FinInstnId/Nm,Name
/AppHdr/To/FIId/FinInstnId/PstlAdr,Postal Address
/AppHdr/To/FIId/FinInstnId/Othr,Other
/AppHdr/To/FIId/BrnchId,Branch Identification
/AppHdr/BizMsgIdr,Business Message Identifier
/AppHdr/MsgDefIdr,Message Definition Identifier
/AppHdr/BizSvc,Business Service
/AppHdr/MktPrctc,Market Practice
/AppHdr/MktPrctc/Regy,Registry
/AppHdr/MktPrctc/Id,Identification
/AppHdr/CreDt,Creation Date
/AppHdr/BizPrcgDt,Business Processing Date
/AppHdr/CpyDplct,Copy Duplicate
/AppHdr/CpyDplct,Copy Duplicate
/AppHdr/CpyDplct,Copy
/AppHdr/CpyDplct,Duplicate
/AppHdr/PssblDplct,Possible Duplicate
/AppHdr/Prty,Priority
/AppHdr/Prty,High
/AppHdr/Prty,Normal
/AppHdr/Sgntr,Signature
/AppHdr/Rltd,Related
/AppHdr/Rltd/CharSet,Character Set
/AppHdr/Rltd/Fr,From
/AppHdr/Rltd/Fr/OrgId,Organisation Identification
/AppHdr/Rltd/Fr/OrgId/Nm,Name
/AppHdr/Rltd/Fr/OrgId/PstlAdr,Postal Address
/AppHdr/Rltd/Fr/OrgId/Id,Identification
/AppHdr/Rltd/Fr/OrgId/Id/PrvtId,Private Identification
/AppHdr/Rltd/Fr/OrgId/CtryOfRes,Country Of Residence
/AppHdr/Rltd/Fr/OrgId/CtctDtls,Contact Details
/AppHdr/Rltd/Fr/FIId,Financial Institution Identification
/AppHdr/Rltd/Fr/FIId/FinInstnId,Financial Institution Identification
/AppHdr/Rltd/Fr/FIId/FinInstnId/BICFI,BICFI
/AppHdr/Rltd/Fr/FIId/FinInstnId/ClrSysMmbId,Clearing System Member Identification
/AppHdr/Rltd/Fr/FIId/FinInstnId/ClrSysMmbId/ClrSysId,Clearing System Identification
/AppHdr/Rltd/Fr/FIId/FinInstnId/ClrSysMmbId/ClrSysId/Cd,Code
/AppHdr/Rltd/Fr/FIId/FinInstnId/ClrSysMmbId/ClrSysId/Prtry,Proprietary
/AppHdr/Rltd/Fr/FIId/FinInstnId/ClrSysMmbId/MmbId,Member Identification
/AppHdr/Rltd/Fr/FIId/FinInstnId/LEI,LEI
/AppHdr/Rltd/Fr/FIId/FinInstnId/Nm,Name
/AppHdr/Rltd/Fr/FIId/FinInstnId/PstlAdr,Postal Address
/AppHdr/Rltd/Fr/FIId/FinInstnId/Othr,Other
/AppHdr/Rltd/Fr/FIId/BrnchId,Branch Identification
/AppHdr/Rltd/To,To
/AppHdr/Rltd/To/OrgId,Organisation Identification
/AppHdr/Rltd/To/OrgId/Nm,Name
/AppHdr/Rltd/To/OrgId/PstlAdr,Postal Address
/AppHdr/Rltd/To/OrgId/Id,Identification
/AppHdr/Rltd/To/OrgId/Id/PrvtId,Private Identification
/AppHdr/Rltd/To/OrgId/CtryOfRes,Country Of Residence
/AppHdr/Rltd/To/OrgId/CtctDtls,Contact Details
/AppHdr/Rltd/To/FIId,Financial Institution Identification
/AppHdr/Rltd/To/FIId/FinInstnId,Financial Institution Identification
/AppHdr/Rltd/To/FIId/FinInstnId/BICFI,BICFI
/AppHdr/Rltd/To/FIId/FinInstnId/ClrSysMmbId,Clearing System Member Identification
/AppHdr/Rltd/To/FIId/FinInstnId/ClrSysMmbId/ClrSysId,Clearing System Identification
/AppHdr/Rltd/To/FIId/FinInstnId/ClrSysMmbId/ClrSysId/Cd,Code
/AppHdr/Rltd/To/FIId/FinInstnId/ClrSysMmbId/ClrSysId/Prtry,Proprietary
/AppHdr/Rltd/To/FIId/FinInstnId/ClrSysMmbId/MmbId,Member Identification
/AppHdr/Rltd/To/FIId/FinInstnId/LEI,LEI
/AppHdr/Rltd/To/FIId/FinInstnId/Nm,Name
/AppHdr/Rltd/To/FIId/FinInstnId/PstlAdr,Postal Address
/AppHdr/Rltd/To/FIId/FinInstnId/Othr,Other
/AppHdr/Rltd/To/FIId/BrnchId,Branch Identification
/AppHdr/Rltd/BizMsgIdr,Business Message Identifier
/AppHdr/Rltd/MsgDefIdr,Message Definition Identifier
/AppHdr/Rltd/BizSvc,Business Service
/AppHdr/Rltd/CreDt,Creation Date
/AppHdr/Rltd/CpyDplct,Copy Duplicate
/AppHdr/Rltd/CpyDplct,Copy Duplicate
/AppHdr/Rltd/CpyDplct,Copy
/AppHdr/Rltd/CpyDplct,Duplicate
/AppHdr/Rltd/PssblDplct,Possible Duplicate
/AppHdr/Rltd/Prty,Priority
/AppHdr/Rltd/Sgntr,Signature
/CdtrPmtActvtnReq,Creditor Payment Activation Request V07 (pain.013.001.07)
/CdtrPmtActvtnReq/GrpHdr,Group Header
/CdtrPmtActvtnReq/GrpHdr/CreDtTm,Creation Date Time
/CdtrPmtActvtnReq/GrpHdr/InitgPty,Initiating Party
/CdtrPmtActvtnReq/GrpHdr/InitgPty/CtryOfRes,Country Of Residence
/CdtrPmtActvtnReq/GrpHdr/InitgPty/Id,Identification
/CdtrPmtActvtnReq/GrpHdr/InitgPty/Nm,Name
/CdtrPmtActvtnReq/GrpHdr/InitgPty/PstlAdr,Postal Address
/CdtrPmtActvtnReq/GrpHdr/InitgPty/PstlAdr/AdrLine,Address Line
/CdtrPmtActvtnReq/GrpHdr/InitgPty/PstlAdr/BldgNb,Building Number
/CdtrPmtActvtnReq/GrpHdr/InitgPty/PstlAdr/BldgNm,Building Name
/CdtrPmtActvtnReq/GrpHdr/InitgPty/PstlAdr/Ctry,Country
/CdtrPmtActvtnReq/GrpHdr/InitgPty/PstlAdr/CtrySubDvsn,Country Sub Division
/CdtrPmtActvtnReq/GrpHdr/InitgPty/PstlAdr/Dept,Department
/CdtrPmtActvtnReq/GrpHdr/InitgPty/PstlAdr/DstrctNm,District Name
/CdtrPmtActvtnReq/GrpHdr/InitgPty/PstlAdr/Flr,Floor
/CdtrPmtActvtnReq/GrpHdr/InitgPty/PstlAdr/PstBx,Post Box
/CdtrPmtActvtnReq/GrpHdr/InitgPty/PstlAdr/PstCd,Post Code
/CdtrPmtActvtnReq/GrpHdr/InitgPty/PstlAdr/Room,Room
/CdtrPmtActvtnReq/GrpHdr/InitgPty/PstlAdr/StrtNm,Street Name
/CdtrPmtActvtnReq/GrpHdr/InitgPty/PstlAdr/SubDept,Sub Department
/CdtrPmtActvtnReq/GrpHdr/InitgPty/PstlAdr/TwnLctnNm,Town Location Name
/CdtrPmtActvtnReq/GrpHdr/InitgPty/PstlAdr/TwnNm,Town Name
/CdtrPmtActvtnReq/GrpHdr/MsgId,Message Identification
/CdtrPmtActvtnReq/GrpHdr/NbOfTxs,Number Of Transactions
/CdtrPmtActvtnReq/PmtInf,Payment Information
/CdtrPmtActvtnReq/PmtInf/CdtTrfTx,Credit Transfer Transaction
/CdtrPmtActvtnReq/PmtInf/CdtTrfTx/Amt,Amount
/CdtrPmtActvtnReq/PmtInf/CdtTrfTx/Cdtr,Creditor
/CdtrPmtActvtnReq/PmtInf/CdtTrfTx/Cdtr/CtctDtls,Contact Details
/CdtrPmtActvtnReq/PmtInf/CdtTrfTx/Cdtr/CtctDtls/Dept,Department
/CdtrPmtActvtnReq/PmtInf/CdtTrfTx/Cdtr/CtctDtls/EmailAdr,Email Address
/CdtrPmtActvtnReq/PmtInf/CdtTrfTx/Cdtr/CtctDtls/MobNb,Mobile Number
/CdtrPmtActvtnReq/PmtInf/CdtTrfTx/Cdtr/CtctDtls/Nm,Name
/CdtrPmtActvtnReq/PmtInf/CdtTrfTx/Cdtr/CtctDtls/PhneNb,Phone Number
/CdtrPmtActvtnReq/PmtInf/CdtTrfTx/Cdtr/CtctDtls/PrefrdMtd,Preferred Method
/CdtrPmtActvtnReq/PmtInf/CdtTrfTx/Cdtr/CtryOfRes,Country Of Residence
/CdtrPmtActvtnReq/PmtInf/CdtTrfTx/Cdtr/IdIdentification
/CdtrPmtActvtnReq/PmtInf/CdtTrfTx/Cdtr/Nm,Name
/CdtrPmtActvtnReq/PmtInf/CdtTrfTx/Cdtr/PstlAdr,Postal Address
/CdtrPmtActvtnReq/PmtInf/CdtTrfTx/Cdtr/PstlAdr/AdrLine,Address Line
/CdtrPmtActvtnReq/PmtInf/CdtTrfTx/Cdtr/PstlAdr/BldgNb,Building Number
/CdtrPmtActvtnReq/PmtInf/CdtTrfTx/Cdtr/PstlAdr/BldgNm,Building Name
/CdtrPmtActvtnReq/PmtInf/CdtTrfTx/Cdtr/PstlAdr/Ctry,Country
/CdtrPmtActvtnReq/PmtInf/CdtTrfTx/Cdtr/PstlAdr/CtrySubDvsn,Country Sub Division
/CdtrPmtActvtnReq/PmtInf/CdtTrfTx/Cdtr/PstlAdr/Dept,Department
/CdtrPmtActvtnReq/PmtInf/CdtTrfTx/Cdtr/PstlAdr/DstrctNm,District Name
/CdtrPmtActvtnReq/PmtInf/CdtTrfTx/Cdtr/PstlAdr/Flr,Floor
/CdtrPmtActvtnReq/PmtInf/CdtTrfTx/Cdtr/PstlAdr/PstBx,Post Box
/CdtrPmtActvtnReq/PmtInf/CdtTrfTx/Cdtr/PstlAdr/PstCd, Post Code
/CdtrPmtActvtnReq/PmtInf/CdtTrfTx/Cdtr/PstlAdr/Room,Room
/CdtrPmtActvtnReq/PmtInf/CdtTrfTx/Cdtr/PstlAdr/StrtNm,Street Name
/CdtrPmtActvtnReq/PmtInf/CdtTrfTx/Cdtr/PstlAdr/SubDept,Sub Department
/CdtrPmtActvtnReq/PmtInf/CdtTrfTx/Cdtr/PstlAdr/TwnLctnNm,Town Location Name
/CdtrPmtActvtnReq/PmtInf/CdtTrfTx/Cdtr/PstlAdr/TwnNm,Town Name
/CdtrPmtActvtnReq/PmtInf/CdtTrfTx/CdtrAcct,Creditor Account
/CdtrPmtActvtnReq/PmtInf/CdtTrfTx/CdtrAcct/Id,Identification
/CdtrPmtActvtnReq/PmtInf/CdtTrfTx/CdtrAcct/Prxy,Proxy
/CdtrPmtActvtnReq/PmtInf/CdtTrfTx/CdtrAcct/Prxy/Id,Identification
/CdtrPmtActvtnReq/PmtInf/CdtTrfTx/CdtrAcct/Prxy/Tp,Type
/CdtrPmtActvtnReq/PmtInf/CdtTrfTx/CdtrAcct/Tp,Type
/CdtrPmtActvtnReq/PmtInf/CdtTrfTx/CdtrAgt,Creditor Agent
/CdtrPmtActvtnReq/PmtInf/CdtTrfTx/CdtrAgt/FinInstnId,Financial Institution Identification
/CdtrPmtActvtnReq/PmtInf/CdtTrfTx/CdtrAgt/FinInstnId/BICFI,BICFI
/CdtrPmtActvtnReq/PmtInf/CdtTrfTx/CdtrAgt/FinInstnId/ClrSysMmbId,Clearing System Member Identification
/CdtrPmtActvtnReq/PmtInf/CdtTrfTx/CdtrAgt/FinInstnId/ClrSysMmbId/ClrSysId,Clearing System Identification
/CdtrPmtActvtnReq/PmtInf/CdtTrfTx/CdtrAgt/FinInstnId/ClrSysMmbId/MmbId,Member Identification
/CdtrPmtActvtnReq/PmtInf/CdtTrfTx/CdtrAgt/FinInstnId/LEI,LEI
/CdtrPmtActvtnReq/PmtInf/CdtTrfTx/CdtrAgt/FinInstnId/Nm,Name
/CdtrPmtActvtnReq/PmtInf/CdtTrfTx/CdtrAgt/FinInstnId/PstlAdr,Postal Address
/CdtrPmtActvtnReq/PmtInf/CdtTrfTx/CdtrAgt/FinInstnId/PstlAdr/AdrLine,Address Line
/CdtrPmtActvtnReq/PmtInf/CdtTrfTx/CdtrAgt/FinInstnId/PstlAdr/BldgNb,Building Number
/CdtrPmtActvtnReq/PmtInf/CdtTrfTx/CdtrAgt/FinInstnId/PstlAdr/BldgNm,Building Name
/CdtrPmtActvtnReq/PmtInf/CdtTrfTx/CdtrAgt/FinInstnId/PstlAdr/Ctry,Country
/CdtrPmtActvtnReq/PmtInf/CdtTrfTx/CdtrAgt/FinInstnId/PstlAdr/CtrySubDvsn,Country Sub Division
/CdtrPmtActvtnReq/PmtInf/CdtTrfTx/CdtrAgt/FinInstnId/PstlAdr/Dept,Department
/CdtrPmtActvtnReq/PmtInf/CdtTrfTx/CdtrAgt/FinInstnId/PstlAdr/DstrctNm,Department
/CdtrPmtActvtnReq/PmtInf/CdtTrfTx/CdtrAgt/FinInstnId/PstlAdr/Flr,Floor
/CdtrPmtActvtnReq/PmtInf/CdtTrfTx/CdtrAgt/FinInstnId/PstlAdr/PstBx,Post Box
/CdtrPmtActvtnReq/PmtInf/CdtTrfTx/CdtrAgt/FinInstnId/PstlAdr/PstCd,Post Code
/CdtrPmtActvtnReq/PmtInf/CdtTrfTx/CdtrAgt/FinInstnId/PstlAdr/Room,Room
/CdtrPmtActvtnReq/PmtInf/CdtTrfTx/CdtrAgt/FinInstnId/PstlAdr/StrtNm,Street Name
/CdtrPmtActvtnReq/PmtInf/CdtTrfTx/CdtrAgt/FinInstnId/PstlAdr/SubDept,Sub Department
/CdtrPmtActvtnReq/PmtInf/CdtTrfTx/CdtrAgt/FinInstnId/PstlAdr/TwnLctnNm,Town Location Name
/CdtrPmtActvtnReq/PmtInf/CdtTrfTx/CdtrAgt/FinInstnId/PstlAdr/TwnNm,Town Name
/CdtrPmtActvtnReq/PmtInf/CdtTrfTx/ChrgBr,Charge Bearer
/CdtrPmtActvtnReq/PmtInf/CdtTrfTx/PmtCond,Payment Condition
/CdtrPmtActvtnReq/PmtInf/CdtTrfTx/PmtCond/AmtModAllwd,Amount Modification Allowed
/CdtrPmtActvtnReq/PmtInf/CdtTrfTx/PmtCond/EarlyPmtAllwd,Early Payment Allowed
/CdtrPmtActvtnReq/PmtInf/CdtTrfTx/PmtCond/GrntedPmtReqd,Guaranteed Payment Requested
/CdtrPmtActvtnReq/PmtInf/CdtTrfTx/PmtId,Payment Identification
/CdtrPmtActvtnReq/PmtInf/CdtTrfTx/PmtId/EndToEndId,End To End Identification
/CdtrPmtActvtnReq/PmtInf/CdtTrfTx/PmtId/InstrId,Instruction Identification
/CdtrPmtActvtnReq/PmtInf/CdtTrfTx/PmtId/UETR,UETR
/CdtrPmtActvtnReq/PmtInf/CdtTrfTx/PmtTpInf,Payment Type Information
/CdtrPmtActvtnReq/PmtInf/CdtTrfTx/PmtTpInf/CtgyPurp,Category Purpose
/CdtrPmtActvtnReq/PmtInf/CdtTrfTx/PmtTpInf/LclInstrm,Local Instrument
/CdtrPmtActvtnReq/PmtInf/CdtTrfTx/PmtTpInf/SvcLvl,Service Level
/CdtrPmtActvtnReq/PmtInf/CdtTrfTx/Purp,Purpose
/CdtrPmtActvtnReq/PmtInf/CdtTrfTx/RltdRmtInf,Related Remittance Information
/CdtrPmtActvtnReq/PmtInf/CdtTrfTx/RltdRmtInf/RmtId,Remittance Identification
/CdtrPmtActvtnReq/PmtInf/CdtTrfTx/RltdRmtInf/RmtLctnDtls,Remittance Location Details
/CdtrPmtActvtnReq/PmtInf/CdtTrfTx/RltdRmtInf/RmtLctnDtls/ElctrncAdr,Electronic Address
/CdtrPmtActvtnReq/PmtInf/CdtTrfTx/RltdRmtInf/RmtLctnDtls/Mtd,Method
/CdtrPmtActvtnReq/PmtInf/CdtTrfTx/RltdRmtInf/RmtLctnDtls/PstlAdr,Postal Address
/CdtrPmtActvtnReq/PmtInf/CdtTrfTx/RltdRmtInf/RmtLctnDtls/PstlAdr/Adr,Address
/CdtrPmtActvtnReq/PmtInf/CdtTrfTx/RltdRmtInf/RmtLctnDtls/PstlAdr/Adr/AdrLine,Address Line
/CdtrPmtActvtnReq/PmtInf/CdtTrfTx/RltdRmtInf/RmtLctnDtls/PstlAdr/Adr/BldgNb,Building Number
/CdtrPmtActvtnReq/PmtInf/CdtTrfTx/RltdRmtInf/RmtLctnDtls/PstlAdr/Adr/BldgNm,Building Name
/CdtrPmtActvtnReq/PmtInf/CdtTrfTx/RltdRmtInf/RmtLctnDtls/PstlAdr/Adr/Ctry,Country
/CdtrPmtActvtnReq/PmtInf/CdtTrfTx/RltdRmtInf/RmtLctnDtls/PstlAdr/Adr/CtrySubDvsn,Country Sub Division
/CdtrPmtActvtnReq/PmtInf/CdtTrfTx/RltdRmtInf/RmtLctnDtls/PstlAdr/Adr/Dept,Department
/CdtrPmtActvtnReq/PmtInf/CdtTrfTx/RltdRmtInf/RmtLctnDtls/PstlAdr/Adr/DstrctNm,District Name
/CdtrPmtActvtnReq/PmtInf/CdtTrfTx/RltdRmtInf/RmtLctnDtls/PstlAdr/Adr/Flr,Floor
/CdtrPmtActvtnReq/PmtInf/CdtTrfTx/RltdRmtInf/RmtLctnDtls/PstlAdr/Adr/PstBx,Post Box
/CdtrPmtActvtnReq/PmtInf/CdtTrfTx/RltdRmtInf/RmtLctnDtls/PstlAdr/Adr/PstCd,Post Code
/CdtrPmtActvtnReq/PmtInf/CdtTrfTx/RltdRmtInf/RmtLctnDtls/PstlAdr/Adr/Room,Room
/CdtrPmtActvtnReq/PmtInf/CdtTrfTx/RltdRmtInf/RmtLctnDtls/PstlAdr/Adr/StrtNm,Street Name
/CdtrPmtActvtnReq/PmtInf/CdtTrfTx/RltdRmtInf/RmtLctnDtls/PstlAdr/Adr/SubDept,Sub Department
/CdtrPmtActvtnReq/PmtInf/CdtTrfTx/RltdRmtInf/RmtLctnDtls/PstlAdr/Adr/TwnLctnNm,Town Location Name
/CdtrPmtActvtnReq/PmtInf/CdtTrfTx/RltdRmtInf/RmtLctnDtls/PstlAdr/Adr/TwnNm,
/CdtrPmtActvtnReq/PmtInf/CdtTrfTx/RltdRmtInf/RmtLctnDtls/PstlAdr/Nm,Name
/CdtrPmtActvtnReq/PmtInf/CdtTrfTx/RmtInf,Remittance Information
/CdtrPmtActvtnReq/PmtInf/CdtTrfTx/RmtInf/Strd,Structured
/CdtrPmtActvtnReq/PmtInf/CdtTrfTx/RmtInf/Strd/AddtlRmtInf,Additional Remittance Information
/CdtrPmtActvtnReq/PmtInf/CdtTrfTx/RmtInf/Strd/CdtrRefInf,Creditor Reference Information
/CdtrPmtActvtnReq/PmtInf/CdtTrfTx/RmtInf/Strd/CdtrRefInf/Ref,Reference
/CdtrPmtActvtnReq/PmtInf/CdtTrfTx/RmtInf/Strd/CdtrRefInf/Tp,Type
/CdtrPmtActvtnReq/PmtInf/CdtTrfTx/RmtInf/Strd/CdtrRefInf/Tp/CdOrPrtry,Code Or Proprietary
/CdtrPmtActvtnReq/PmtInf/CdtTrfTx/RmtInf/Strd/CdtrRefInf/Tp/Issr,Issuer
/CdtrPmtActvtnReq/PmtInf/CdtTrfTx/RmtInf/Strd/GrnshmtRmt,Garnishment Remittance
/CdtrPmtActvtnReq/PmtInf/CdtTrfTx/RmtInf/Strd/GrnshmtRmt/Dt,Date
/CdtrPmtActvtnReq/PmtInf/CdtTrfTx/RmtInf/Strd/GrnshmtRmt/FmlyMdclInsrncInd,
/CdtrPmtActvtnReq/PmtInf/CdtTrfTx/RmtInf/Strd/GrnshmtRmt/Grnshee,Garnishee
/CdtrPmtActvtnReq/PmtInf/CdtTrfTx/RmtInf/Strd/GrnshmtRmt/Grnshee/CtctDtls,Contact Details
/CdtrPmtActvtnReq/PmtInf/CdtTrfTx/RmtInf/Strd/GrnshmtRmt/Grnshee/CtctDtls/Dept,Department
/CdtrPmtActvtnReq/PmtInf/CdtTrfTx/RmtInf/Strd/GrnshmtRmt/Grnshee/CtctDtls/EmailAdr,Email Address
/CdtrPmtActvtnReq/PmtInf/CdtTrfTx/RmtInf/Strd/GrnshmtRmt/Grnshee/CtcDtls/EmailPurp,Email Purpose,Email Purpose
/CdtrPmtActvtnReq/PmtInf/CdtTrfTx/RmtInf/Strd/GrnshmtRmt/Grnshee/CtctDtls/FaxNb,Fax Number
/CdtrPmtActvtnReq/PmtInf/CdtTrfTx/RmtInf/Strd/GrnshmtRmt/Grnshee/CtctDtls/JobTitl,Job Title
/CdtrPmtActvtnReq/PmtInf/CdtTrfTx/RmtInf/Strd/GrnshmtRmt/Grnshee/CtctDtls/MobNb,Mobile Number
/CdtrPmtActvtnReq/PmtInf/CdtTrfTx/RmtInf/Strd/GrnshmtRmt/Grnshee/CtctDtls/Nm,Name
/CdtrPmtActvtnReq/PmtInf/CdtTrfTx/RmtInf/Strd/GrnshmtRmt/Grnshee/CtctDtls/NmPrfx,Name Prefix
/CdtrPmtActvtnReq/PmtInf/CdtTrfTx/RmtInf/Strd/GrnshmtRmt/Grnshee/CtctDtls/Othr,Other
/CdtrPmtActvtnReq/PmtInf/CdtTrfTx/RmtInf/Strd/GrnshmtRmt/Grnshee/CtctDtls/Othr/ChanlTp,Channel Type
/CdtrPmtActvtnReq/PmtInf/CdtTrfTx/RmtInf/Strd/GrnshmtRmt/Grnshee/CtctDtls/Othr/Id,Identification
/CdtrPmtActvtnReq/PmtInf/CdtTrfTx/RmtInf/Strd/GrnshmtRmt/Grnshee/CtctDtls/PhneNb,Phone Number
/CdtrPmtActvtnReq/PmtInf/CdtTrfTx/RmtInf/Strd/GrnshmtRmt/Grnshee/CtctDtls/PrefrdMtd,Preferred Method
/CdtrPmtActvtnReq/PmtInf/CdtTrfTx/RmtInf/Strd/GrnshmtRmt/Grnshee/CtctDtls/Rspnsblty,Responsibility
/CdtrPmtActvtnReq/PmtInf/CdtTrfTx/RmtInf/Strd/GrnshmtRmt/Grnshee/CtryOfRes,Country Of Residence
/CdtrPmtActvtnReq/PmtInf/CdtTrfTx/RmtInf/Strd/GrnshmtRmt/Grnshee/Id,Identification
/CdtrPmtActvtnReq/PmtInf/CdtTrfTx/RmtInf/Strd/GrnshmtRmt/Grnshee/Nm,Name
/CdtrPmtActvtnReq/PmtInf/CdtTrfTx/RmtInf/Strd/GrnshmtRmt/Grnshee/PstlAdr,Postal Address
/CdtrPmtActvtnReq/PmtInf/CdtTrfTx/RmtInf/Strd/GrnshmtRmt/Grnshee/PstlAdr/AdrLine,Address Line
/CdtrPmtActvtnReq/PmtInf/CdtTrfTx/RmtInf/Strd/GrnshmtRmt/Grnshee/PstlAdr/AdrTp,Address Type
/CdtrPmtActvtnReq/PmtInf/CdtTrfTx/RmtInf/Strd/GrnshmtRmt/Grnshee/PstlAdr/BldgNb,Building Number
/CdtrPmtActvtnReq/PmtInf/CdtTrfTx/RmtInf/Strd/GrnshmtRmt/Grnshee/PstlAdr/BldgNm,Building Name
/CdtrPmtActvtnReq/PmtInf/CdtTrfTx/RmtInf/Strd/GrnshmtRmt/Grnshee/PstlAdr/Ctry,Country
/CdtrPmtActvtnReq/PmtInf/CdtTrfTx/RmtInf/Strd/GrnshmtRmt/Grnshee/PstlAdr/CtrySubDvsn,Country Sub Division
/CdtrPmtActvtnReq/PmtInf/CdtTrfTx/RmtInf/Strd/GrnshmtRmt/Grnshee/PstlAdr/Dept,Department
/CdtrPmtActvtnReq/PmtInf/CdtTrfTx/RmtInf/Strd/GrnshmtRmt/Grnshee/PstlAdr/DstrctNm,District Name  
/CdtrPmtActvtnReq/PmtInf/CdtTrfTx/RmtInf/Strd/GrnshmtRmt/Grnshee/PstlAdr/Flr,Floor  
/CdtrPmtActvtnReq/PmtInf/CdtTrfTx/RmtInf/Strd/GrnshmtRmt/Grnshee/PstlAdr/PstBx,Post Box  
/CdtrPmtActvtnReq/PmtInf/CdtTrfTx/RmtInf/Strd/GrnshmtRmt/Grnshee/PstlAdr/PstCd,Post Code  
/CdtrPmtActvtnReq/PmtInf/CdtTrfTx/RmtInf/Strd/GrnshmtRmt/Grnshee/PstlAdr/Room,Room  
/CdtrPmtActvtnReq/PmtInf/CdtTrfTx/RmtInf/Strd/GrnshmtRmt/Grnshee/PstlAdr/StrtNm,Street Name  
/CdtrPmtActvtnReq/PmtInf/CdtTrfTx/RmtInf/Strd/GrnshmtRmt/Grnshee/PstlAdr/SubDept,Sub Department
/CdtrPmtActvtnReq/PmtInf/CdtTrfTx/RmtInf/Strd/GrnshmtRmt/Grnshee/PstlAdr/TwnLctnNm,Town Location Name  
/CdtrPmtActvtnReq/PmtInf/CdtTrfTx/RmtInf/Strd/GrnshmtRmt/Grnshee/PstlAdr/TwnNm,Town Name  
/CdtrPmtActvtnReq/PmtInf/CdtTrfTx/RmtInf/Strd/GrnshmtRmt/GrnshmtAdmstr,Garnishment Administrator
/CdtrPmtActvtnReq/PmtInf/CdtTrfTx/RmtInf/Strd/GrnshmtRmt/GrnshmtAdmstr/CtctDtls,Contact Details
/CdtrPmtActvtnReq/PmtInf/CdtTrfTx/RmtInf/Strd/GrnshmtRmt/GrnshmtAdmstr/CtctDtls/Dept,Department
/CdtrPmtActvtnReq/PmtInf/CdtTrfTx/RmtInf/Strd/GrnshmtRmt/GrnshmtAdmstr/CtctDtls/EmailAdr,Email Address
/CdtrPmtActvtnReq/PmtInf/CdtTrfTx/RmtInf/Strd/GrnshmtRmt/GrnshmtAdmstr/CtctDtls/EmailPurp,Email Purpose,Email Purpose
/CdtrPmtActvtnReq/PmtInf/CdtTrfTx/RmtInf/Strd/GrnshmtRmt/GrnshmtAdmstr/CtctDtls/FaxNb,Fax Number
/CdtrPmtActvtnReq/PmtInf/CdtTrfTx/RmtInf/Strd/GrnshmtRmt/GrnshmtAdmstr/CtctDtls/JobTitl,Job Title
/CdtrPmtActvtnReq/PmtInf/CdtTrfTx/RmtInf/Strd/GrnshmtRmt/GrnshmtAdmstr/CtctDtls/MobNb,Mobile Number
/CdtrPmtActvtnReq/PmtInf/CdtTrfTx/RmtInf/Strd/GrnshmtRmt/GrnshmtAdmstr/CtctDtls/Nm,Name
/CdtrPmtActvtnReq/PmtInf/CdtTrfTx/RmtInf/Strd/GrnshmtRmt/GrnshmtAdmstr/CtctDtls/NmPrfx,Name Prefix
/CdtrPmtActvtnReq/PmtInf/CdtTrfTx/RmtInf/Strd/GrnshmtRmt/GrnshmtAdmstr/CtctDtls/Othr,Other
/CdtrPmtActvtnReq/PmtInf/CdtTrfTx/RmtInf/Strd/GrnshmtRmt/GrnshmtAdmstr/CtctDtls/Othr/ChanlTp,Channel Type
/CdtrPmtActvtnReq/PmtInf/CdtTrfTx/RmtInf/Strd/GrnshmtRmt/GrnshmtAdmstr/CtctDtls/Othr/Id,Identification
/CdtrPmtActvtnReq/PmtInf/CdtTrfTx/RmtInf/Strd/GrnshmtRmt/GrnshmtAdmstr/CtctDtls/PhneNb,Phone Number
/CdtrPmtActvtnReq/PmtInf/CdtTrfTx/RmtInf/Strd/GrnshmtRmt/GrnshmtAdmstr/CtctDtls/PrefrdMtd,Preferred Method
/CdtrPmtActvtnReq/PmtInf/CdtTrfTx/RmtInf/Strd/GrnshmtRmt/GrnshmtAdmstr/CtctDtls/Rspnsblty,Responsibility
/CdtrPmtActvtnReq/PmtInf/CdtTrfTx/RmtInf/Strd/GrnshmtRmt/GrnshmtAdmstr/CtryOfRes,Country Of Residence
/CdtrPmtActvtnReq/PmtInf/CdtTrfTx/RmtInf/Strd/GrnshmtRmt/GrnshmtAdmstr/Id,Identification
/CdtrPmtActvtnReq/PmtInf/CdtTrfTx/RmtInf/Strd/GrnshmtRmt/GrnshmtAdmstr/Nm,Name
/CdtrPmtActvtnReq/PmtInf/CdtTrfTx/RmtInf/Strd/GrnshmtRmt/GrnshmtAdmstr/PstlAdr,Postal Address
/CdtrPmtActvtnReq/PmtInf/CdtTrfTx/RmtInf/Strd/GrnshmtRmt/GrnshmtAdmstr/PstlAdr/AdrLine,Address Line
/CdtrPmtActvtnReq/PmtInf/CdtTrfTx/RmtInf/Strd/GrnshmtRmt/GrnshmtAdmstr/PstlAdr/AdrTp,Address Type
/CdtrPmtActvtnReq/PmtInf/CdtTrfTx/RmtInf/Strd/GrnshmtRmt/GrnshmtAdmstr/PstlAdr/BldgNb,Building Number
/CdtrPmtActvtnReq/PmtInf/CdtTrfTx/RmtInf/Strd/GrnshmtRmt/GrnshmtAdmstr/PstlAdr/BldgNm,Building Name
/CdtrPmtActvtnReq/PmtInf/CdtTrfTx/RmtInf/Strd/GrnshmtRmt/GrnshmtAdmstr/PstlAdr/Ctry,Country
/CdtrPmtActvtnReq/PmtInf/CdtTrfTx/RmtInf/Strd/GrnshmtRmt/GrnshmtAdmstr/PstlAdr/CtrySubDvsn,Country Sub Division
/CdtrPmtActvtnReq/PmtInf/CdtTrfTx/RmtInf/Strd/GrnshmtRmt/GrnshmtAdmstr/PstlAdr/Dept,Department
/CdtrPmtActvtnReq/PmtInf/CdtTrfTx/RmtInf/Strd/GrnshmtRmt/GrnshmtAdmstr/PstlAdr/DstrctNm,District Name  
/CdtrPmtActvtnReq/PmtInf/CdtTrfTx/RmtInf/Strd/GrnshmtRmt/GrnshmtAdmstr/PstlAdr/Flr,Floor  
/CdtrPmtActvtnReq/PmtInf/CdtTrfTx/RmtInf/Strd/GrnshmtRmt/GrnshmtAdmstr/PstlAdr/PstBx,Post Box  
/CdtrPmtActvtnReq/PmtInf/CdtTrfTx/RmtInf/Strd/GrnshmtRmt/GrnshmtAdmstr/PstlAdr/PstCd,Post Code  
/CdtrPmtActvtnReq/PmtInf/CdtTrfTx/RmtInf/Strd/GrnshmtRmt/GrnshmtAdmstr/PstlAdr/Room,Room  
/CdtrPmtActvtnReq/PmtInf/CdtTrfTx/RmtInf/Strd/GrnshmtRmt/GrnshmtAdmstr/PstlAdr/StrtNm,Street Name  
/CdtrPmtActvtnReq/PmtInf/CdtTrfTx/RmtInf/Strd/GrnshmtRmt/GrnshmtAdmstr/PstlAdr/SubDept,Sub Department
/CdtrPmtActvtnReq/PmtInf/CdtTrfTx/RmtInf/Strd/GrnshmtRmt/GrnshmtAdmstr/PstlAdr/TwnLctnNm,Town Location Name  
/CdtrPmtActvtnReq/PmtInf/CdtTrfTx/RmtInf/Strd/GrnshmtRmt/GrnshmtAdmstr/PstlAdr/TwnNm,Town Name  
/CdtrPmtActvtnReq/PmtInf/CdtTrfTx/RmtInf/Strd/GrnshmtRmt/MplyeeTermntnInd,Reference Number
/CdtrPmtActvtnReq/PmtInf/CdtTrfTx/RmtInf/Strd/GrnshmtRmt/RefNb,Reference Number
/CdtrPmtActvtnReq/PmtInf/CdtTrfTx/RmtInf/Strd/GrnshmtRmt/RmtdAmt,Remitted Amount
/CdtrPmtActvtnReq/PmtInf/CdtTrfTx/RmtInf/Strd/GrnshmtRmt/RmtdAmt/Ccy,Currency
/CdtrPmtActvtnReq/PmtInf/CdtTrfTx/RmtInf/Strd/GrnshmtRmt/Tp,Type
/CdtrPmtActvtnReq/PmtInf/CdtTrfTx/RmtInf/Strd/GrnshmtRmt/Tp/CdOrPrtry,Code Or Proprietary
/CdtrPmtActvtnReq/PmtInf/CdtTrfTx/RmtInf/Strd/GrnshmtRmt/Tp/Issr,Issr
/CdtrPmtActvtnReq/PmtInf/CdtTrfTx/RmtInf/Strd/Invcee,Invcee
/CdtrPmtActvtnReq/PmtInf/CdtTrfTx/RmtInf/Strd/Invcee/CtctDtls,Contact Details
/CdtrPmtActvtnReq/PmtInf/CdtTrfTx/RmtInf/Strd/Invcee/CtctDtls/Dept,Department
/CdtrPmtActvtnReq/PmtInf/CdtTrfTx/RmtInf/Strd/Invcee/CtctDtls/EmailAdr,Email Address
/CdtrPmtActvtnReq/PmtInf/CdtTrfTx/RmtInf/Strd/Invcee/CtctDtls/EmailPurp,Email Purpose
/CdtrPmtActvtnReq/PmtInf/CdtTrfTx/RmtInf/Strd/Invcee/CtctDtls/FaxNb,Fax Number,
/CdtrPmtActvtnReq/PmtInf/CdtTrfTx/RmtInf/Strd/Invcee/CtctDtls/JobTitl,Job Title
/CdtrPmtActvtnReq/PmtInf/CdtTrfTx/RmtInf/Strd/Invcee/CtctDtls/MobNb,Mobile Number
/CdtrPmtActvtnReq/PmtInf/CdtTrfTx/RmtInf/Strd/Invcee/CtctDtls/Nm,Name
/CdtrPmtActvtnReq/PmtInf/CdtTrfTx/RmtInf/Strd/Invcee/CtctDtls/NmPrfx,Name Prefix
/CdtrPmtActvtnReq/PmtInf/CdtTrfTx/RmtInf/Strd/Invcee/CtctDtls/Othr
/CdtrPmtActvtnReq/PmtInf/CdtTrfTx/RmtInf/Strd/Invcee/CtctDtls/Othr/ChanlTp,Channel Type
/CdtrPmtActvtnReq/PmtInf/CdtTrfTx/RmtInf/Strd/Invcee/CtctDtls/Othr/Id,Identification
/CdtrPmtActvtnReq/PmtInf/CdtTrfTx/RmtInf/Strd/Invcee/CtctDtls/PhneNb,Phone Number
/CdtrPmtActvtnReq/PmtInf/CdtTrfTx/RmtInf/Strd/Invcee/CtctDtls/PrefrdMtd,Preferred Method
/CdtrPmtActvtnReq/PmtInf/CdtTrfTx/RmtInf/Strd/Invcee/CtctDtls/Rspnsblty,Responsibility
/CdtrPmtActvtnReq/PmtInf/CdtTrfTx/RmtInf/Strd/Invcee/CtryOfRes,Country Of Residence
/CdtrPmtActvtnReq/PmtInf/CdtTrfTx/RmtInf/Strd/Invcee/Id,Identification
/CdtrPmtActvtnReq/PmtInf/CdtTrfTx/RmtInf/Strd/Invcee/Nm,Name
/CdtrPmtActvtnReq/PmtInf/CdtTrfTx/RmtInf/Strd/Invcee/PstlAdr,Postal Address
/CdtrPmtActvtnReq/PmtInf/CdtTrfTx/RmtInf/Strd/Invcee/PstlAdr/AdrLine,Address Line
/CdtrPmtActvtnReq/PmtInf/CdtTrfTx/RmtInf/Strd/Invcee/PstlAdr/AdrTp,Address Type
/CdtrPmtActvtnReq/PmtInf/CdtTrfTx/RmtInf/Strd/Invcee/PstlAdr/BldgNb,Building Number
/CdtrPmtActvtnReq/PmtInf/CdtTrfTx/RmtInf/Strd/Invcee/PstlAdr/BldgNm,Building Name
/CdtrPmtActvtnReq/PmtInf/CdtTrfTx/RmtInf/Strd/Invcee/PstlAdr/Ctry,Country
/CdtrPmtActvtnReq/PmtInf/CdtTrfTx/RmtInf/Strd/Invcee/PstlAdr/CtrySubDvsn,Country Sub Division
/CdtrPmtActvtnReq/PmtInf/CdtTrfTx/RmtInf/Strd/Invcee/PstlAdr/Dept,Department
/CdtrPmtActvtnReq/PmtInf/CdtTrfTx/RmtInf/Strd/Invcee/PstlAdr/DstrctNm,District Name  
/CdtrPmtActvtnReq/PmtInf/CdtTrfTx/RmtInf/Strd/Invcee/PstlAdr/Flr,Floor  
/CdtrPmtActvtnReq/PmtInf/CdtTrfTx/RmtInf/Strd/Invcee/PstlAdr/PstBx,Post Box  
/CdtrPmtActvtnReq/PmtInf/CdtTrfTx/RmtInf/Strd/Invcee/PstlAdr/PstCd,Post Code  
/CdtrPmtActvtnReq/PmtInf/CdtTrfTx/RmtInf/Strd/Invcee/PstlAdr/Room,Room  
/CdtrPmtActvtnReq/PmtInf/CdtTrfTx/RmtInf/Strd/Invcee/PstlAdr/StrtNm,Street Name  
/CdtrPmtActvtnReq/PmtInf/CdtTrfTx/RmtInf/Strd/Invcee/PstlAdr/SubDept,Sub Department
/CdtrPmtActvtnReq/PmtInf/CdtTrfTx/RmtInf/Strd/Invcee/PstlAdr/TwnLctnNm,Town Location Name  
/CdtrPmtActvtnReq/PmtInf/CdtTrfTx/RmtInf/Strd/Invcee/PstlAdr/TwnNm,Town Name  
/CdtrPmtActvtnReq/PmtInf/CdtTrfTx/RmtInf/Strd/Invcr,Invoicer
/CdtrPmtActvtnReq/PmtInf/CdtTrfTx/RmtInf/Strd/Invcr/CtctDtls,Contact Details
/CdtrPmtActvtnReq/PmtInf/CdtTrfTx/RmtInf/Strd/Invcr/CtctDtls/Dept,Department
/CdtrPmtActvtnReq/PmtInf/CdtTrfTx/RmtInf/Strd/Invcr/CtctDtls/EmailAdr,Email Address
/CdtrPmtActvtnReq/PmtInf/CdtTrfTx/RmtInf/Strd/Invcr/CtctDtls/EmailPurp,Email Purpose
/CdtrPmtActvtnReq/PmtInf/CdtTrfTx/RmtInf/Strd/Invcr/CtctDtls/FaxNb,Fax Number
/CdtrPmtActvtnReq/PmtInf/CdtTrfTx/RmtInf/Strd/Invcr/CtctDtls/JobTitl,Job Title
/CdtrPmtActvtnReq/PmtInf/CdtTrfTx/RmtInf/Strd/Invcr/CtctDtls/MobNb,Mobile Number
/CdtrPmtActvtnReq/PmtInf/CdtTrfTx/RmtInf/Strd/Invcr/CtctDtls/Nm,Name
/CdtrPmtActvtnReq/PmtInf/CdtTrfTx/RmtInf/Strd/Invcr/CtctDtls/NmPrfx,Name Prefix
/CdtrPmtActvtnReq/PmtInf/CdtTrfTx/RmtInf/Strd/Invcr/CtctDtls/Othr,Other
/CdtrPmtActvtnReq/PmtInf/CdtTrfTx/RmtInf/Strd/Invcr/CtctDtls/Othr/ChanlTp,Channel Type
/CdtrPmtActvtnReq/PmtInf/CdtTrfTx/RmtInf/Strd/Invcr/CtctDtls/Othr/Id,Identification
/CdtrPmtActvtnReq/PmtInf/CdtTrfTx/RmtInf/Strd/Invcr/CtctDtls/PhneNb,Phone Number
/CdtrPmtActvtnReq/PmtInf/CdtTrfTx/RmtInf/Strd/Invcr/CtctDtls/PrefrdMtd,Preferred Method
/CdtrPmtActvtnReq/PmtInf/CdtTrfTx/RmtInf/Strd/Invcr/CtctDtls/Rspnsblty,Responsibility
/CdtrPmtActvtnReq/PmtInf/CdtTrfTx/RmtInf/Strd/Invcr/CtryOfRes,Country Of Residence
/CdtrPmtActvtnReq/PmtInf/CdtTrfTx/RmtInf/Strd/Invcr/Id,Identification
/CdtrPmtActvtnReq/PmtInf/CdtTrfTx/RmtInf/Strd/Invcr/Nm,Name
/CdtrPmtActvtnReq/PmtInf/CdtTrfTx/RmtInf/Strd/Invcr/PstlAdr,Postal Address
/CdtrPmtActvtnReq/PmtInf/CdtTrfTx/RmtInf/Strd/Invcr/PstlAdr/AdrLine,Address Line
/CdtrPmtActvtnReq/PmtInf/CdtTrfTx/RmtInf/Strd/Invcr/PstlAdr/AdrTp,Address Type
/CdtrPmtActvtnReq/PmtInf/CdtTrfTx/RmtInf/Strd/Invcr/PstlAdr/BldgNb,Building Number
/CdtrPmtActvtnReq/PmtInf/CdtTrfTx/RmtInf/Strd/Invcr/PstlAdr/BldgNm,Building Name
/CdtrPmtActvtnReq/PmtInf/CdtTrfTx/RmtInf/Strd/Invcr/PstlAdr/Ctry,Country
/CdtrPmtActvtnReq/PmtInf/CdtTrfTx/RmtInf/Strd/Invcr/PstlAdr/CtrySubDvsn,Country Sub Division
/CdtrPmtActvtnReq/PmtInf/CdtTrfTx/RmtInf/Strd/Invcr/PstlAdr/Dept,Department
/CdtrPmtActvtnReq/PmtInf/CdtTrfTx/RmtInf/Strd/Invcr/PstlAdr/DstrctNm,District Name  
/CdtrPmtActvtnReq/PmtInf/CdtTrfTx/RmtInf/Strd/Invcr/PstlAdr/Flr,Floor  
/CdtrPmtActvtnReq/PmtInf/CdtTrfTx/RmtInf/Strd/Invcr/PstlAdr/PstBx,Post Box  
/CdtrPmtActvtnReq/PmtInf/CdtTrfTx/RmtInf/Strd/Invcr/PstlAdr/PstCd,Post Code  
/CdtrPmtActvtnReq/PmtInf/CdtTrfTx/RmtInf/Strd/Invcr/PstlAdr/Room,Room  
/CdtrPmtActvtnReq/PmtInf/CdtTrfTx/RmtInf/Strd/Invcr/PstlAdr/StrtNm,Street Name  
/CdtrPmtActvtnReq/PmtInf/CdtTrfTx/RmtInf/Strd/Invcr/PstlAdr/SubDept,Sub Department
/CdtrPmtActvtnReq/PmtInf/CdtTrfTx/RmtInf/Strd/Invcr/PstlAdr/TwnLctnNm,Town Location Name  
/CdtrPmtActvtnReq/PmtInf/CdtTrfTx/RmtInf/Strd/Invcr/PstlAdr/TwnNm,Town Name  
/CdtrPmtActvtnReq/PmtInf/CdtTrfTx/RmtInf/Strd/RfrdDocAmt,Referred Document Information
/CdtrPmtActvtnReq/PmtInf/CdtTrfTx/RmtInf/Strd/RfrdDocAmt/AdjstmntAmtAndRsn,Adjustment Amount And Reason
/CdtrPmtActvtnReq/PmtInf/CdtTrfTx/RmtInf/Strd/RfrdDocAmt/AdjstmntAmtAndRsn/AddtlInf,Additional Information
/CdtrPmtActvtnReq/PmtInf/CdtTrfTx/RmtInf/Strd/RfrdDocAmt/AdjstmntAmtAndRsn/Amt,Amount
/CdtrPmtActvtnReq/PmtInf/CdtTrfTx/RmtInf/Strd/RfrdDocAmt/AdjstmntAmtAndRsn/Amt/Ccy,Currency
/CdtrPmtActvtnReq/PmtInf/CdtTrfTx/RmtInf/Strd/RfrdDocAmt/AdjstmntAmtAndRsn/CdtDbtInd,Credit Note Amount
/CdtrPmtActvtnReq/PmtInf/CdtTrfTx/RmtInf/Strd/RfrdDocAmt/AdjstmntAmtAndRsn/Rsn,Reason
/CdtrPmtActvtnReq/PmtInf/CdtTrfTx/RmtInf/Strd/RfrdDocAmt/CdtNoteAmt,Credit Note Amount
/CdtrPmtActvtnReq/PmtInf/CdtTrfTx/RmtInf/Strd/RfrdDocAmt/CdtNoteAmt/Ccy,Currency
/CdtrPmtActvtnReq/PmtInf/CdtTrfTx/RmtInf/Strd/RfrdDocAmt/DscntApldAmt,Discount Applied Amount
/CdtrPmtActvtnReq/PmtInf/CdtTrfTx/RmtInf/Strd/RfrdDocAmt/DscntApldAmt/Amt,Amount
/CdtrPmtActvtnReq/PmtInf/CdtTrfTx/RmtInf/Strd/RfrdDocAmt/DscntApldAmt/Amt/Ccy,Currency
/CdtrPmtActvtnReq/PmtInf/CdtTrfTx/RmtInf/Strd/RfrdDocAmt/DscntApldAmt/Tp,Type
/CdtrPmtActvtnReq/PmtInf/CdtTrfTx/RmtInf/Strd/RfrdDocAmt/DuePyblAmt,Due Payable Amount
/CdtrPmtActvtnReq/PmtInf/CdtTrfTx/RmtInf/Strd/RfrdDocAmt/DuePyblAmt/Ccy,Currency
/CdtrPmtActvtnReq/PmtInf/CdtTrfTx/RmtInf/Strd/RfrdDocAmt/RmtdAmt,Remitted Amount
/CdtrPmtActvtnReq/PmtInf/CdtTrfTx/RmtInf/Strd/RfrdDocAmt/RmtdAmt/Ccy,Currency
/CdtrPmtActvtnReq/PmtInf/CdtTrfTx/RmtInf/Strd/RfrdDocAmt/TaxAmt,Tax Amount
/CdtrPmtActvtnReq/PmtInf/CdtTrfTx/RmtInf/Strd/RfrdDocAmt/TaxAmt/Amt,Amount
/CdtrPmtActvtnReq/PmtInf/CdtTrfTx/RmtInf/Strd/RfrdDocAmt/TaxAmt/Amt/Ccy,Currency
/CdtrPmtActvtnReq/PmtInf/CdtTrfTx/RmtInf/Strd/RfrdDocAmt/TaxAmt/Tp,Type
/CdtrPmtActvtnReq/PmtInf/CdtTrfTx/RmtInf/Strd/RfrdDocInf,Referred Document Information
/CdtrPmtActvtnReq/PmtInf/CdtTrfTx/RmtInf/Strd/RfrdDocInf/LineDtls,Details
/CdtrPmtActvtnReq/PmtInf/CdtTrfTx/RmtInf/Strd/RfrdDocInf/LineDtls/Amt,Amount
/CdtrPmtActvtnReq/PmtInf/CdtTrfTx/RmtInf/Strd/RfrdDocInf/LineDtls/Amt/AdjstmntAmtAndRsn,Adjustment Amount And Reason
/CdtrPmtActvtnReq/PmtInf/CdtTrfTx/RmtInf/Strd/RfrdDocInf/LineDtls/Amt/AdjstmntAmtAndRsn/AddtlInf,Additional Information
/CdtrPmtActvtnReq/PmtInf/CdtTrfTx/RmtInf/Strd/RfrdDocInf/LineDtls/Amt/AdjstmntAmtAndRsn/Amt,Amount
/CdtrPmtActvtnReq/PmtInf/CdtTrfTx/RmtInf/Strd/RfrdDocInf/LineDtls/Amt/AdjstmntAmtAndRsn/Amt/Ccy,Currency
/CdtrPmtActvtnReq/PmtInf/CdtTrfTx/RmtInf/Strd/RfrdDocInf/LineDtls/Amt/AdjstmntAmtAndRsn/CdtDbtInd,Credit Debit Indicator
/CdtrPmtActvtnReq/PmtInf/CdtTrfTx/RmtInf/Strd/RfrdDocInf/LineDtls/Amt/AdjstmntAmtAndRsn/Rsn,Reason
/CdtrPmtActvtnReq/PmtInf/CdtTrfTx/RmtInf/Strd/RfrdDocInf/LineDtls/Amt/CdtNoteAmt,Credit Note Amount
/CdtrPmtActvtnReq/PmtInf/CdtTrfTx/RmtInf/Strd/RfrdDocInf/LineDtls/Amt/CdtNoteAmt/Ccy,Currency
/CdtrPmtActvtnReq/PmtInf/CdtTrfTx/RmtInf/Strd/RfrdDocInf/LineDtls/Amt/DscntApldAmt,Discount Applied Amount
/CdtrPmtActvtnReq/PmtInf/CdtTrfTx/RmtInf/Strd/RfrdDocInf/LineDtls/Amt/DscntApldAmt/Amt,Amount
/CdtrPmtActvtnReq/PmtInf/CdtTrfTx/RmtInf/Strd/RfrdDocInf/LineDtls/Amt/DscntApldAmt/Amt/Ccy,Currency
/CdtrPmtActvtnReq/PmtInf/CdtTrfTx/RmtInf/Strd/RfrdDocInf/LineDtls/Amt/DscntApldAmt/Tp,Type
/CdtrPmtActvtnReq/PmtInf/CdtTrfTx/RmtInf/Strd/RfrdDocInf/LineDtls/Amt/DuePyblAmt,Due Payable Amount
/CdtrPmtActvtnReq/PmtInf/CdtTrfTx/RmtInf/Strd/RfrdDocInf/LineDtls/Amt/DuePyblAmt/Ccy,Currency
/CdtrPmtActvtnReq/PmtInf/CdtTrfTx/RmtInf/Strd/RfrdDocInf/LineDtls/Amt/RmtdAmt,Remitted Amount
/CdtrPmtActvtnReq/PmtInf/CdtTrfTx/RmtInf/Strd/RfrdDocInf/LineDtls/Amt/RmtdAmt/Ccy,Currency
/CdtrPmtActvtnReq/PmtInf/CdtTrfTx/RmtInf/Strd/RfrdDocInf/LineDtls/Amt/TaxAmt,Tax Amount
/CdtrPmtActvtnReq/PmtInf/CdtTrfTx/RmtInf/Strd/RfrdDocInf/LineDtls/Amt/TaxAmt/Amt,Amount
/CdtrPmtActvtnReq/PmtInf/CdtTrfTx/RmtInf/Strd/RfrdDocInf/LineDtls/Amt/TaxAmt/Amt/Ccy,Currency
/CdtrPmtActvtnReq/PmtInf/CdtTrfTx/RmtInf/Strd/RfrdDocInf/LineDtls/Amt/TaxAmt/Tp,Type
/CdtrPmtActvtnReq/PmtInf/CdtTrfTx/RmtInf/Strd/RfrdDocInf/LineDtls/Desc,Description
/CdtrPmtActvtnReq/PmtInf/CdtTrfTx/RmtInf/Strd/RfrdDocInf/LineDtls/Id,Identification
/CdtrPmtActvtnReq/PmtInf/CdtTrfTx/RmtInf/Strd/RfrdDocInf/LineDtls/Id/Nb,Number
/CdtrPmtActvtnReq/PmtInf/CdtTrfTx/RmtInf/Strd/RfrdDocInf/LineDtls/Id/RltdDt,Related Date
/CdtrPmtActvtnReq/PmtInf/CdtTrfTx/RmtInf/Strd/RfrdDocInf/LineDtls/Id/Tp,Type
/CdtrPmtActvtnReq/PmtInf/CdtTrfTx/RmtInf/Strd/RfrdDocInf/LineDtls/Id/Tp/CdOrPrtry,Code Or Proprietary
/CdtrPmtActvtnReq/PmtInf/CdtTrfTx/RmtInf/Strd/RfrdDocInf/LineDtls/Id/Tp/Issr,Issr
/CdtrPmtActvtnReq/PmtInf/CdtTrfTx/RmtInf/Strd/RfrdDocInf/Nb,Number
/CdtrPmtActvtnReq/PmtInf/CdtTrfTx/RmtInf/Strd/RfrdDocInf/RltdDt,Related Date
/CdtrPmtActvtnReq/PmtInf/CdtTrfTx/RmtInf/Strd/RfrdDocInf/Tp,Type
/CdtrPmtActvtnReq/PmtInf/CdtTrfTx/RmtInf/Strd/RfrdDocInf/Tp/CdOrPrtry,Code Or Proprietary
/CdtrPmtActvtnReq/PmtInf/CdtTrfTx/RmtInf/Strd/RfrdDocInf/Tp/Issr,Issr
/CdtrPmtActvtnReq/PmtInf/CdtTrfTx/RmtInf/Strd/TaxRmt,Tax Remittance
/CdtrPmtActvtnReq/PmtInf/CdtTrfTx/RmtInf/Strd/TaxRmt/AdmstnZone,Administration Zone
/CdtrPmtActvtnReq/PmtInf/CdtTrfTx/RmtInf/Strd/TaxRmt/Cdtr,Creditor
/CdtrPmtActvtnReq/PmtInf/CdtTrfTx/RmtInf/Strd/TaxRmt/Cdtr/RegnId,Registration Identification
/CdtrPmtActvtnReq/PmtInf/CdtTrfTx/RmtInf/Strd/TaxRmt/Cdtr/TaxId,Tax Identification
/CdtrPmtActvtnReq/PmtInf/CdtTrfTx/RmtInf/Strd/TaxRmt/Cdtr/TaxTp,Tax Type
/CdtrPmtActvtnReq/PmtInf/CdtTrfTx/RmtInf/Strd/TaxRmt/Dbtr,Debtor
/CdtrPmtActvtnReq/PmtInf/CdtTrfTx/RmtInf/Strd/TaxRmt/Dbtr/Authstn,,Authorisation
/CdtrPmtActvtnReq/PmtInf/CdtTrfTx/RmtInf/Strd/TaxRmt/Dbtr/Authstn/Nm,Name
/CdtrPmtActvtnReq/PmtInf/CdtTrfTx/RmtInf/Strd/TaxRmt/Dbtr/Authstn/Titl,Title
/CdtrPmtActvtnReq/PmtInf/CdtTrfTx/RmtInf/Strd/TaxRmt/Dbtr/RegnId,Registration Identification
/CdtrPmtActvtnReq/PmtInf/CdtTrfTx/RmtInf/Strd/TaxRmt/Dbtr/TaxId,Tax Identification
/CdtrPmtActvtnReq/PmtInf/CdtTrfTx/RmtInf/Strd/TaxRmt/Dbtr/TaxTp,Tax Type
/CdtrPmtActvtnReq/PmtInf/CdtTrfTx/RmtInf/Strd/TaxRmt/Dt,Date
/CdtrPmtActvtnReq/PmtInf/CdtTrfTx/RmtInf/Strd/TaxRmt/Mtd,Method
/CdtrPmtActvtnReq/PmtInf/CdtTrfTx/RmtInf/Strd/TaxRmt/Rcrd,Record
/CdtrPmtActvtnReq/PmtInf/CdtTrfTx/RmtInf/Strd/TaxRmt/Rcrd/AddtlInf,Additional Information
/CdtrPmtActvtnReq/PmtInf/CdtTrfTx/RmtInf/Strd/TaxRmt/Rcrd/CertId,Certificate Identification
/CdtrPmtActvtnReq/PmtInf/CdtTrfTx/RmtInf/Strd/TaxRmt/Rcrd/Ctgy,Category
/CdtrPmtActvtnReq/PmtInf/CdtTrfTx/RmtInf/Strd/TaxRmt/Rcrd/CtgyDtls,Category Details
/CdtrPmtActvtnReq/PmtInf/CdtTrfTx/RmtInf/Strd/TaxRmt/Rcrd/DbtrSts,Debtor Status
/CdtrPmtActvtnReq/PmtInf/CdtTrfTx/RmtInf/Strd/TaxRmt/Rcrd/FrmsCd,Forms Code
/CdtrPmtActvtnReq/PmtInf/CdtTrfTx/RmtInf/Strd/TaxRmt/Rcrd/Prd,Period
/CdtrPmtActvtnReq/PmtInf/CdtTrfTx/RmtInf/Strd/TaxRmt/Rcrd/Prd/FrToDt,From To Date
/CdtrPmtActvtnReq/PmtInf/CdtTrfTx/RmtInf/Strd/TaxRmt/Rcrd/Prd/FrToDt/FrDt,From Date
/CdtrPmtActvtnReq/PmtInf/CdtTrfTx/RmtInf/Strd/TaxRmt/Rcrd/Prd/FrToDt/ToDt,To Date
/CdtrPmtActvtnReq/PmtInf/CdtTrfTx/RmtInf/Strd/TaxRmt/Rcrd/Prd/Tp,Type
/CdtrPmtActvtnReq/PmtInf/CdtTrfTx/RmtInf/Strd/TaxRmt/Rcrd/Prd/Yr,Year
/CdtrPmtActvtnReq/PmtInf/CdtTrfTx/RmtInf/Strd/TaxRmt/Rcrd/TaxAmt,Tax Amount
/CdtrPmtActvtnReq/PmtInf/CdtTrfTx/RmtInf/Strd/TaxRmt/Rcrd/TaxAmt/Dtls,Details
/CdtrPmtActvtnReq/PmtInf/CdtTrfTx/RmtInf/Strd/TaxRmt/Rcrd/TaxAmt/Dtls/Amt,Amount
/CdtrPmtActvtnReq/PmtInf/CdtTrfTx/RmtInf/Strd/TaxRmt/Rcrd/TaxAmt/Dtls/Amt/Ccy,Currency
/CdtrPmtActvtnReq/PmtInf/CdtTrfTx/RmtInf/Strd/TaxRmt/Rcrd/TaxAmt/Dtls/Prd,Period
/CdtrPmtActvtnReq/PmtInf/CdtTrfTx/RmtInf/Strd/TaxRmt/Rcrd/TaxAmt/Dtls/Prd/FrToDt,From To Date
/CdtrPmtActvtnReq/PmtInf/CdtTrfTx/RmtInf/Strd/TaxRmt/Rcrd/TaxAmt/Dtls/Prd/FrToDt/FrDt,From Date
/CdtrPmtActvtnReq/PmtInf/CdtTrfTx/RmtInf/Strd/TaxRmt/Rcrd/TaxAmt/Dtls/Prd/FrToDt/ToDt,,To Date
/CdtrPmtActvtnReq/PmtInf/CdtTrfTx/RmtInf/Strd/TaxRmt/Rcrd/TaxAmt/Dtls/Prd/Tp,Type
/CdtrPmtActvtnReq/PmtInf/CdtTrfTx/RmtInf/Strd/TaxRmt/Rcrd/TaxAmt/Dtls/Prd/Yr,Year
/CdtrPmtActvtnReq/PmtInf/CdtTrfTx/RmtInf/Strd/TaxRmt/Rcrd/TaxAmt/Rate,Rate
/CdtrPmtActvtnReq/PmtInf/CdtTrfTx/RmtInf/Strd/TaxRmt/Rcrd/TaxAmt/TaxblBaseAmt,TaxblBaseAmt
/CdtrPmtActvtnReq/PmtInf/CdtTrfTx/RmtInf/Strd/TaxRmt/Rcrd/TaxAmt/TaxblBaseAmt/Ccy,Currency
/CdtrPmtActvtnReq/PmtInf/CdtTrfTx/RmtInf/Strd/TaxRmt/Rcrd/TaxAmt/TtlAmt,Total Amount
/CdtrPmtActvtnReq/PmtInf/CdtTrfTx/RmtInf/Strd/TaxRmt/Rcrd/TaxAmt/TtlAmt/Ccy,Currency
/CdtrPmtActvtnReq/PmtInf/CdtTrfTx/RmtInf/Strd/TaxRmt/Rcrd/,Type
/CdtrPmtActvtnReq/PmtInf/CdtTrfTx/RmtInf/Strd/TaxRmt/RefNb,Reference Number
/CdtrPmtActvtnReq/PmtInf/CdtTrfTx/RmtInf/Strd/TaxRmt/SeqNb,Sequence Number
/CdtrPmtActvtnReq/PmtInf/CdtTrfTx/RmtInf/Strd/TaxRmt/TtlTaxAmt,Total Tax Amount
/CdtrPmtActvtnReq/PmtInf/CdtTrfTx/RmtInf/Strd/TaxRmt/TtlTaxAmt/Ccy,Currency
/CdtrPmtActvtnReq/PmtInf/CdtTrfTx/RmtInf/Strd/TaxRmt/TtlTaxblBaseAmt,Total Taxable Base Amount
/CdtrPmtActvtnReq/PmtInf/CdtTrfTx/RmtInf/Strd/TaxRmt/TtlTaxblBaseAmt/Ccy,Currency
/CdtrPmtActvtnReq/PmtInf/CdtTrfTx/RmtInf/Strd/TaxRmt/UltmtDbtr,Ultimate Debtor
/CdtrPmtActvtnReq/PmtInf/CdtTrfTx/RmtInf/Strd/TaxRmt/UltmtDbtr/Authstn,Authorisation
/CdtrPmtActvtnReq/PmtInf/CdtTrfTx/RmtInf/Strd/TaxRmt/UltmtDbtr/Authstn/Nm,Name
/CdtrPmtActvtnReq/PmtInf/CdtTrfTx/RmtInf/Strd/TaxRmt/UltmtDbtr/Authstn/Titl,Title
/CdtrPmtActvtnReq/PmtInf/CdtTrfTx/RmtInf/Strd/TaxRmt/UltmtDbtr/RegnId,Registration Identification
/CdtrPmtActvtnReq/PmtInf/CdtTrfTx/RmtInf/Strd/TaxRmt/UltmtDbtr/TaxId,Tax Identification
/CdtrPmtActvtnReq/PmtInf/CdtTrfTx/RmtInf/Strd/TaxRmt/UltmtDbtr/TaxTp,Tax Type
/CdtrPmtActvtnReq/PmtInf/CdtTrfTx/RmtInf/Ustrd,Unstructured
/CdtrPmtActvtnReq/PmtInf/CdtTrfTx/Tax,Tax
/CdtrPmtActvtnReq/PmtInf/CdtTrfTx/Tax/AdmstnZone,Administration Zone
/CdtrPmtActvtnReq/PmtInf/CdtTrfTx/Tax/Cdtr,Creditor
/CdtrPmtActvtnReq/PmtInf/CdtTrfTx/Tax/Cdtr/RegnId,Registration Identification
/CdtrPmtActvtnReq/PmtInf/CdtTrfTx/Tax/Cdtr/TaxId,Tax Identification
/CdtrPmtActvtnReq/PmtInf/CdtTrfTx/Tax/Cdtr/TaxTp,Tax Type
/CdtrPmtActvtnReq/PmtInf/CdtTrfTx/Tax/Dbtr,Debtor
/CdtrPmtActvtnReq/PmtInf/CdtTrfTx/Tax/Dbtr/Authstn,Authorisation
/CdtrPmtActvtnReq/PmtInf/CdtTrfTx/Tax/Dbtr/Authstn/Nm,Name
/CdtrPmtActvtnReq/PmtInf/CdtTrfTx/Tax/Dbtr/Authstn/Titl,Title
/CdtrPmtActvtnReq/PmtInf/CdtTrfTx/Tax/Dbtr/RegnId,Registration Identification
/CdtrPmtActvtnReq/PmtInf/CdtTrfTx/Tax/Dbtr/TaxId,Tax Identification
/CdtrPmtActvtnReq/PmtInf/CdtTrfTx/Tax/Dbtr/TaxTp,Tax Type
/CdtrPmtActvtnReq/PmtInf/CdtTrfTx/Tax/Dt,Date
/CdtrPmtActvtnReq/PmtInf/CdtTrfTx/Tax/Mtd,Method
/CdtrPmtActvtnReq/PmtInf/CdtTrfTx/Tax/Rcrd,Record
/CdtrPmtActvtnReq/PmtInf/CdtTrfTx/Tax/Rcrd/AddtlInf,Additional Information
/CdtrPmtActvtnReq/PmtInf/CdtTrfTx/Tax/Rcrd/CertId,Certificate Identification
/CdtrPmtActvtnReq/PmtInf/CdtTrfTx/Tax/Rcrd/Ctgy,Category
/CdtrPmtActvtnReq/PmtInf/CdtTrfTx/Tax/Rcrd/CtgyDtls,Category Details
/CdtrPmtActvtnReq/PmtInf/CdtTrfTx/Tax/Rcrd/DbtrSts,Debtor Status
/CdtrPmtActvtnReq/PmtInf/CdtTrfTx/Tax/Rcrd/FrmsCd,Forms Code
/CdtrPmtActvtnReq/PmtInf/CdtTrfTx/Tax/Rcrd/Prd,Period
/CdtrPmtActvtnReq/PmtInf/CdtTrfTx/Tax/Rcrd/Prd/FrToDt,From To Date
/CdtrPmtActvtnReq/PmtInf/CdtTrfTx/Tax/Rcrd/Prd/FrToDt/FrDt,From Date
/CdtrPmtActvtnReq/PmtInf/CdtTrfTx/Tax/Rcrd/Prd/FrToDt/ToDt,To Date
/CdtrPmtActvtnReq/PmtInf/CdtTrfTx/Tax/Rcrd/Prd/Tp,Type
/CdtrPmtActvtnReq/PmtInf/CdtTrfTx/Tax/Rcrd/Prd/Yr,Year
/CdtrPmtActvtnReq/PmtInf/CdtTrfTx/Tax/Rcrd/TaxAmt,Tax Amount
/CdtrPmtActvtnReq/PmtInf/CdtTrfTx/Tax/Rcrd/TaxAmt/Dtls,Details
/CdtrPmtActvtnReq/PmtInf/CdtTrfTx/Tax/Rcrd/TaxAmt/Dtls/Amt,Amount
/CdtrPmtActvtnReq/PmtInf/CdtTrfTx/Tax/Rcrd/TaxAmt/Dtls/Amt/Ccy,Currency
/CdtrPmtActvtnReq/PmtInf/CdtTrfTx/Tax/Rcrd/TaxAmt/Dtls/Prd,Period
/CdtrPmtActvtnReq/PmtInf/CdtTrfTx/Tax/Rcrd/TaxAmt/Dtls/Prd/FrToDt,From To Date
/CdtrPmtActvtnReq/PmtInf/CdtTrfTx/Tax/Rcrd/TaxAmt/Dtls/Prd/FrToDt/FrDt,From Date
/CdtrPmtActvtnReq/PmtInf/CdtTrfTx/Tax/Rcrd/TaxAmt/Dtls/Prd/FrToDt/ToDt,To Date
/CdtrPmtActvtnReq/PmtInf/CdtTrfTx/Tax/Rcrd/TaxAmt/Dtls/Prd/Tp,Type
/CdtrPmtActvtnReq/PmtInf/CdtTrfTx/Tax/Rcrd/TaxAmt/Dtls/Prd/Yr,Year
/CdtrPmtActvtnReq/PmtInf/CdtTrfTx/Tax/Rcrd/TaxAmt/Rate,Rate
/CdtrPmtActvtnReq/PmtInf/CdtTrfTx/Tax/Rcrd/TaxAmt/TaxblBaseAmt,Taxable Base Amount
/CdtrPmtActvtnReq/PmtInf/CdtTrfTx/Tax/Rcrd/TaxAmt/TaxblBaseAmt/Ccy,,Currency
/CdtrPmtActvtnReq/PmtInf/CdtTrfTx/Tax/Rcrd/TaxAmt/TtlAmt,Total Amount
/CdtrPmtActvtnReq/PmtInf/CdtTrfTx/Tax/Rcrd/TaxAmt/TtlAmt/Ccy,Currency
/CdtrPmtActvtnReq/PmtInf/CdtTrfTx/Tax/Rcrd/Tp,Type
/CdtrPmtActvtnReq/PmtInf/CdtTrfTx/Tax/RefNb,Reference Number
/CdtrPmtActvtnReq/PmtInf/CdtTrfTx/Tax/SeqNb,Sequence Number
/CdtrPmtActvtnReq/PmtInf/CdtTrfTx/Tax/TtlTaxAmt,Total Tax Amount
/CdtrPmtActvtnReq/PmtInf/CdtTrfTx/Tax/TtlTaxAmt/Ccy,Currency
/CdtrPmtActvtnReq/PmtInf/CdtTrfTx/Tax/TtlTaxblBaseAmt,Total Taxable Base Amount
/CdtrPmtActvtnReq/PmtInf/CdtTrfTx/Tax/TtlTaxblBaseAmt/Ccy,Currency
/CdtrPmtActvtnReq/PmtInf/CdtTrfTx/UltmtCdtr,Ultimate Creditor
/CdtrPmtActvtnReq/PmtInf/CdtTrfTx/UltmtCdtr/CtryOfRes,Country Of Residence
/CdtrPmtActvtnReq/PmtInf/CdtTrfTx/UltmtCdtr/Id,Identification
/CdtrPmtActvtnReq/PmtInf/CdtTrfTx/UltmtCdtr/Nm,Name
/CdtrPmtActvtnReq/PmtInf/CdtTrfTx/UltmtCdtr/PstlAdr,Postal Address
/CdtrPmtActvtnReq/PmtInf/CdtTrfTx/UltmtCdtr/PstlAdr/AdrLine,Address Line
/CdtrPmtActvtnReq/PmtInf/CdtTrfTx/UltmtCdtr/PstlAdr/BldgNb,Building Number
/CdtrPmtActvtnReq/PmtInf/CdtTrfTx/UltmtCdtr/PstlAdr/BldgNm,Building Name
/CdtrPmtActvtnReq/PmtInf/CdtTrfTx/UltmtCdtr/PstlAdr/Ctry,Country
/CdtrPmtActvtnReq/PmtInf/CdtTrfTx/UltmtCdtr/PstlAdr/CtrySubDvsn,Country Sub Division
/CdtrPmtActvtnReq/PmtInf/CdtTrfTx/UltmtCdtr/PstlAdr/Dept,Department
/CdtrPmtActvtnReq/PmtInf/CdtTrfTx/UltmtCdtr/PstlAdr/DstrctNm,District Name  
/CdtrPmtActvtnReq/PmtInf/CdtTrfTx/UltmtCdtr/PstlAdr/Flr,Floor  
/CdtrPmtActvtnReq/PmtInf/CdtTrfTx/UltmtCdtr/PstlAdr/PstBx,Post Box  
/CdtrPmtActvtnReq/PmtInf/CdtTrfTx/UltmtCdtr/PstlAdr/PstCd,Post Code  
/CdtrPmtActvtnReq/PmtInf/CdtTrfTx/UltmtCdtr/PstlAdr/Room,Room  
/CdtrPmtActvtnReq/PmtInf/CdtTrfTx/UltmtCdtr/PstlAdr/StrtNm,Street Name  
/CdtrPmtActvtnReq/PmtInf/CdtTrfTx/UltmtCdtr/PstlAdr/SubDept,Sub Department
/CdtrPmtActvtnReq/PmtInf/CdtTrfTx/UltmtCdtr/PstlAdr/TwnLctnNm,Town Location Name  
/CdtrPmtActvtnReq/PmtInf/CdtTrfTx/UltmtCdtr/PstlAdr/TwnNm,Town Name  
/CdtrPmtActvtnReq/PmtInf/CdtTrfTx/UltmtDbtr,Ultimate Debtor
/CdtrPmtActvtnReq/PmtInf/CdtTrfTx/UltmtDbtr/CtryOfRes,Country Of Residence
/CdtrPmtActvtnReq/PmtInf/CdtTrfTx/UltmtDbtr/Id,Identification
/CdtrPmtActvtnReq/PmtInf/CdtTrfTx/UltmtDbtr/Nm,Name
/CdtrPmtActvtnReq/PmtInf/CdtTrfTx/UltmtDbtr/PstlAdr,Postal Address
/CdtrPmtActvtnReq/PmtInf/CdtTrfTx/UltmtDbtr/PstlAdr/AdrLine,Address Line
/CdtrPmtActvtnReq/PmtInf/CdtTrfTx/UltmtDbtr/PstlAdr/BldgNb,Building Number
/CdtrPmtActvtnReq/PmtInf/CdtTrfTx/UltmtDbtr/PstlAdr/BldgNm,Building Name
/CdtrPmtActvtnReq/PmtInf/CdtTrfTx/UltmtDbtr/PstlAdr/Ctry,Country
/CdtrPmtActvtnReq/PmtInf/CdtTrfTx/UltmtDbtr/PstlAdr/CtrySubDvsn,Country Sub Division
/CdtrPmtActvtnReq/PmtInf/CdtTrfTx/UltmtDbtr/PstlAdr/Dept,Department
/CdtrPmtActvtnReq/PmtInf/CdtTrfTx/UltmtDbtr/PstlAdr/DstrctNm,District Name  
/CdtrPmtActvtnReq/PmtInf/CdtTrfTx/UltmtDbtr/PstlAdr/Flr,Floor  
/CdtrPmtActvtnReq/PmtInf/CdtTrfTx/UltmtDbtr/PstlAdr/PstBx,Post Box  
/CdtrPmtActvtnReq/PmtInf/CdtTrfTx/UltmtDbtr/PstlAdr/PstCd,Post Code  
/CdtrPmtActvtnReq/PmtInf/CdtTrfTx/UltmtDbtr/PstlAdr/Room,Room  
/CdtrPmtActvtnReq/PmtInf/CdtTrfTx/UltmtDbtr/PstlAdr/StrtNm,Street Name  
/CdtrPmtActvtnReq/PmtInf/CdtTrfTx/UltmtDbtr/PstlAdr/SubDept,Sub Department
/CdtrPmtActvtnReq/PmtInf/CdtTrfTx/UltmtDbtr/PstlAdr/TwnLctnNm,Town Location Name  
/CdtrPmtActvtnReq/PmtInf/CdtTrfTx/UltmtDbtr/PstlAdr/TwnNm,Town Name  
/CdtrPmtActvtnReq/PmtInf/Dbtr,Debtor
/CdtrPmtActvtnReq/PmtInf/Dbtr/CtryOfRes,Country Of Residence
/CdtrPmtActvtnReq/PmtInf/Dbtr/Id,Identification
/CdtrPmtActvtnReq/PmtInf/Dbtr/Nm,Name
/CdtrPmtActvtnReq/PmtInf/Dbtr/PstlAdr,Postal Address
/CdtrPmtActvtnReq/PmtInf/Dbtr/PstlAdr/AdrLine,Address Line
/CdtrPmtActvtnReq/PmtInf/Dbtr/PstlAdr/BldgNb,Building Number
/CdtrPmtActvtnReq/PmtInf/Dbtr/PstlAdr/BldgNm,Building Name
/CdtrPmtActvtnReq/PmtInf/Dbtr/PstlAdr/Ctry,Country
/CdtrPmtActvtnReq/PmtInf/Dbtr/PstlAdr/CtrySubDvsn,Country Sub Division
/CdtrPmtActvtnReq/PmtInf/Dbtr/PstlAdr/Dept,Department
/CdtrPmtActvtnReq/PmtInf/Dbtr/PstlAdr/DstrctNm,District Name  
/CdtrPmtActvtnReq/PmtInf/Dbtr/PstlAdr/Flr,Floor  
/CdtrPmtActvtnReq/PmtInf/Dbtr/PstlAdr/PstBx,Post Box  
/CdtrPmtActvtnReq/PmtInf/Dbtr/PstlAdr/PstCd,Post Code  
/CdtrPmtActvtnReq/PmtInf/Dbtr/PstlAdr/Room,Room  
/CdtrPmtActvtnReq/PmtInf/Dbtr/PstlAdr/StrtNm,Street Name  
/CdtrPmtActvtnReq/PmtInf/Dbtr/PstlAdr/SubDept,Sub Department
/CdtrPmtActvtnReq/PmtInf/Dbtr/PstlAdr/TwnLctnNm,Town Location Name  
/CdtrPmtActvtnReq/PmtInf/Dbtr/PstlAdr/TwnNm,Town Name  
/CdtrPmtActvtnReq/PmtInf/DbtrAcct,Debtor Account
/CdtrPmtActvtnReq/PmtInf/DbtrAcct/Id,Identification
/CdtrPmtActvtnReq/PmtInf/DbtrAcct/Prxy,Proxy
/CdtrPmtActvtnReq/PmtInf/DbtrAcct/Prxy/Id,Identification
/CdtrPmtActvtnReq/PmtInf/DbtrAcct/Prxy/Tp,Type
/CdtrPmtActvtnReq/PmtInf/DbtrAcct/Tp,Type
/CdtrPmtActvtnReq/PmtInf/DbtrAgt,Debtor Agent
/CdtrPmtActvtnReq/PmtInf/DbtrAgt/FinInstnId,Identification
/CdtrPmtActvtnReq/PmtInf/DbtrAgt/FinInstnId/BICFI,BICFI
/CdtrPmtActvtnReq/PmtInf/DbtrAgt/FinInstnId/ClrSysMmbId,Clearing System Member Identification
/CdtrPmtActvtnReq/PmtInf/DbtrAgt/FinInstnId/ClrSysMmbId/ClrSysId,Clearing System Identification
/CdtrPmtActvtnReq/PmtInf/DbtrAgt/FinInstnId/ClrSysMmbId/MmbId,Member Identification
/CdtrPmtActvtnReq/PmtInf/DbtrAgt/FinInstnId/LEI,LEI
/CdtrPmtActvtnReq/PmtInf/DbtrAgt/FinInstnId/Nm,Name
/CdtrPmtActvtnReq/PmtInf/DbtrAgt/FinInstnId/PstlAdr,Postal Address
/CdtrPmtActvtnReq/PmtInf/DbtrAgt/FinInstnId/PstlAdr/AdrLine,Address Line
/CdtrPmtActvtnReq/PmtInf/DbtrAgt/FinInstnId/PstlAdr/BldgNb,Building Number
/CdtrPmtActvtnReq/PmtInf/DbtrAgt/FinInstnId/PstlAdr/BldgNm,Building Name
/CdtrPmtActvtnReq/PmtInf/DbtrAgt/FinInstnId/PstlAdr/Ctry,Country
/CdtrPmtActvtnReq/PmtInf/DbtrAgt/FinInstnId/PstlAdr/CtrySubDvsn,Country Sub Division
/CdtrPmtActvtnReq/PmtInf/DbtrAgt/FinInstnId/PstlAdr/Dept,Department
/CdtrPmtActvtnReq/PmtInf/DbtrAgt/FinInstnId/PstlAdr/DstrctNm,District Name  
/CdtrPmtActvtnReq/PmtInf/DbtrAgt/FinInstnId/PstlAdr/Flr,Floor  
/CdtrPmtActvtnReq/PmtInf/DbtrAgt/FinInstnId/PstlAdr/PstBx,Post Box  
/CdtrPmtActvtnReq/PmtInf/DbtrAgt/FinInstnId/PstlAdr/PstCd,Post Code  
/CdtrPmtActvtnReq/PmtInf/DbtrAgt/FinInstnId/PstlAdr/Room,Room  
/CdtrPmtActvtnReq/PmtInf/DbtrAgt/FinInstnId/PstlAdr/StrtNm,Street Name  
/CdtrPmtActvtnReq/PmtInf/DbtrAgt/FinInstnId/PstlAdr/SubDept,Sub Department
/CdtrPmtActvtnReq/PmtInf/DbtrAgt/FinInstnId/PstlAdr/TwnLctnNm,Town Location Name  
/CdtrPmtActvtnReq/PmtInf/DbtrAgt/FinInstnId/PstlAdr/TwnNm,Town Name  
/CdtrPmtActvtnReq/PmtInf/PmtInfId,Payment Information Identification
/CdtrPmtActvtnReq/PmtInf/PmtMtd,Payment Method
/CdtrPmtActvtnReq/PmtInf/ReqdExctnDt,Requested Execution Date
/CdtrPmtActvtnReq/PmtInf/XpryDt,Expiry Date

